id,id_cl,label,given_original_label,mturk_given,mturk_guessed,mturk_neutral,mturk_off_topic
216801,test/pos/4301_9,1,Positive,0,2,0,3
224638,test/pos/12138_7,1,Positive,1,1,3,0
217490,test/pos/4990_7,1,Positive,0,5,0,0
215295,test/pos/2795_7,1,Positive,0,3,2,0
224016,test/pos/11516_7,1,Positive,4,0,1,0
214099,test/pos/1599_7,1,Positive,0,5,0,0
220135,test/pos/7635_7,1,Positive,0,3,2,0
224678,test/pos/12178_7,1,Positive,0,3,2,0
203794,test/neg/3794_4,0,Negative,0,5,0,0
202063,test/neg/2063_4,0,Negative,0,5,0,0
201682,test/neg/1682_2,0,Negative,0,3,1,1
204788,test/neg/4788_1,0,Negative,0,4,0,1
211716,test/neg/11716_2,0,Negative,0,5,0,0
212914,test/pos/414_9,1,Positive,0,5,0,0
202370,test/neg/2370_4,0,Negative,0,4,1,0
223789,test/pos/11289_10,1,Positive,0,3,2,0
222866,test/pos/10366_8,1,Positive,2,1,0,2
214630,test/pos/2130_7,1,Positive,0,1,4,0
212130,test/neg/12130_1,0,Negative,0,5,0,0
219326,test/pos/6826_7,1,Positive,0,4,0,1
222232,test/pos/9732_10,1,Positive,0,5,0,0
207149,test/neg/7149_3,0,Negative,0,5,0,0
218364,test/pos/5864_10,1,Positive,0,5,0,0
204661,test/neg/4661_3,0,Negative,0,5,0,0
205827,test/neg/5827_4,0,Negative,0,5,0,0
210409,test/neg/10409_2,0,Negative,0,5,0,0
214394,test/pos/1894_10,1,Positive,0,3,2,0
209510,test/neg/9510_3,0,Negative,0,1,4,0
209528,test/neg/9528_1,0,Negative,0,5,0,0
204805,test/neg/4805_4,0,Negative,0,5,0,0
206170,test/neg/6170_4,0,Negative,0,3,2,0
217937,test/pos/5437_8,1,Positive,0,4,1,0
207098,test/neg/7098_1,0,Negative,0,5,0,0
204201,test/neg/4201_1,0,Negative,0,5,0,0
203486,test/neg/3486_1,0,Negative,0,5,0,0
210201,test/neg/10201_1,0,Negative,0,5,0,0
203391,test/neg/3391_4,0,Negative,0,5,0,0
201056,test/neg/1056_3,0,Negative,0,3,0,2
207144,test/neg/7144_4,0,Negative,0,5,0,0
201771,test/neg/1771_4,0,Negative,0,4,1,0
206618,test/neg/6618_1,0,Negative,0,5,0,0
205102,test/neg/5102_3,0,Negative,0,5,0,0
203767,test/neg/3767_4,0,Negative,0,5,0,0
200624,test/neg/624_3,0,Negative,0,5,0,0
208052,test/neg/8052_4,0,Negative,0,4,0,1
207450,test/neg/7450_4,0,Negative,0,5,0,0
211242,test/neg/11242_2,0,Negative,0,2,0,3
206637,test/neg/6637_1,0,Negative,0,5,0,0
209071,test/neg/9071_3,0,Negative,0,5,0,0
207227,test/neg/7227_4,0,Negative,0,4,1,0
208753,test/neg/8753_4,0,Negative,0,4,1,0
209766,test/neg/9766_3,0,Negative,0,5,0,0
204615,test/neg/4615_4,0,Negative,0,5,0,0
207837,test/neg/7837_4,0,Negative,0,5,0,0
200326,test/neg/326_1,0,Negative,0,5,0,0
210154,test/neg/10154_2,0,Negative,1,4,0,0
211329,test/neg/11329_4,0,Negative,0,5,0,0
217083,test/pos/4583_8,1,Positive,0,2,3,0
214681,test/pos/2181_7,1,Positive,1,3,1,0
202815,test/neg/2815_4,0,Negative,0,5,0,0
215567,test/pos/3067_7,1,Positive,0,3,2,0
224037,test/pos/11537_7,1,Positive,1,3,1,0
222694,test/pos/10194_7,1,Positive,5,0,0,0
212253,test/neg/12253_3,0,Negative,0,4,1,0
220204,test/pos/7704_10,1,Positive,0,1,1,3
201591,test/neg/1591_2,0,Negative,0,4,0,1
214067,test/pos/1567_7,1,Positive,3,2,0,0
222173,test/pos/9673_7,1,Positive,0,4,1,0
202919,test/neg/2919_4,0,Negative,0,5,0,0
218513,test/pos/6013_7,1,Positive,3,1,1,0
210929,test/neg/10929_4,0,Negative,0,4,1,0
202860,test/neg/2860_4,0,Negative,0,4,1,0
218772,test/pos/6272_9,1,Positive,3,1,0,1
200240,test/neg/240_4,0,Negative,0,3,2,0
212256,test/neg/12256_4,0,Negative,0,4,1,0
218935,test/pos/6435_10,1,Positive,1,4,0,0
215154,test/pos/2654_7,1,Positive,0,5,0,0
200123,test/neg/123_4,0,Negative,0,4,1,0
217949,test/pos/5449_7,1,Positive,0,2,3,0
213397,test/pos/897_8,1,Positive,2,0,3,0
206147,test/neg/6147_1,0,Negative,0,3,0,2
209015,test/neg/9015_2,0,Negative,0,5,0,0
216970,test/pos/4470_7,1,Positive,0,3,2,0
202330,test/neg/2330_2,0,Negative,1,4,0,0
217569,test/pos/5069_8,1,Positive,2,0,1,2
206807,test/neg/6807_1,0,Negative,0,3,2,0
201213,test/neg/1213_3,0,Negative,0,5,0,0
209586,test/neg/9586_2,0,Negative,1,2,2,0
209935,test/neg/9935_3,0,Negative,1,0,4,0
224216,test/pos/11716_10,1,Positive,0,0,0,5
205521,test/neg/5521_4,0,Negative,2,1,1,1
201751,test/neg/1751_4,0,Negative,0,3,2,0
202290,test/neg/2290_4,0,Negative,0,4,1,0
203464,test/neg/3464_2,0,Negative,0,0,0,5
209200,test/neg/9200_3,0,Negative,0,5,0,0
224532,test/pos/12032_7,1,Positive,0,1,4,0
200887,test/neg/887_2,0,Negative,0,5,0,0
214658,test/pos/2158_10,1,Positive,2,0,3,0
222999,test/pos/10499_8,1,Positive,2,1,2,0
220923,test/pos/8423_10,1,Positive,0,5,0,0
212404,test/neg/12404_4,0,Negative,0,3,2,0
207097,test/neg/7097_1,0,Negative,0,5,0,0
202187,test/neg/2187_1,0,Negative,1,3,0,1
218770,test/pos/6270_10,1,Positive,1,0,4,0
216075,test/pos/3575_7,1,Positive,0,5,0,0
221507,test/pos/9007_8,1,Positive,0,4,0,1
219430,test/pos/6930_7,1,Positive,0,3,2,0
212926,test/pos/426_9,1,Positive,0,4,0,1
202835,test/neg/2835_4,0,Negative,0,5,0,0
211165,test/neg/11165_4,0,Negative,0,2,3,0
221003,test/pos/8503_7,1,Positive,0,5,0,0
209094,test/neg/9094_4,0,Negative,0,5,0,0
207945,test/neg/7945_2,0,Negative,4,0,1,0
213657,test/pos/1157_9,1,Positive,0,3,1,1
222038,test/pos/9538_10,1,Positive,2,1,0,2
209353,test/neg/9353_4,0,Negative,3,0,2,0
210441,test/neg/10441_4,0,Negative,5,0,0,0
211332,test/neg/11332_4,0,Negative,0,5,0,0
211653,test/neg/11653_3,0,Negative,1,3,1,0
207086,test/neg/7086_4,0,Negative,0,2,2,1
208330,test/neg/8330_3,0,Negative,3,0,2,0
216552,test/pos/4052_7,1,Positive,0,1,4,0
213147,test/pos/647_9,1,Positive,1,3,1,0
214922,test/pos/2422_7,1,Positive,0,2,2,1
216122,test/pos/3622_7,1,Positive,0,2,2,1
207652,test/neg/7652_3,0,Negative,0,5,0,0
201445,test/neg/1445_4,0,Negative,0,5,0,0
204280,test/neg/4280_4,0,Negative,0,2,3,0
223981,test/pos/11481_10,1,Positive,4,0,1,0
212609,test/pos/109_8,1,Positive,0,3,2,0
219557,test/pos/7057_7,1,Positive,1,0,4,0
206667,test/neg/6667_2,0,Negative,0,1,3,1
214406,test/pos/1906_7,1,Positive,1,1,3,0
209354,test/neg/9354_4,0,Negative,0,4,1,0
204620,test/neg/4620_3,0,Negative,0,3,2,0
215028,test/pos/2528_10,1,Positive,0,1,2,2
223693,test/pos/11193_7,1,Positive,2,1,2,0
220946,test/pos/8446_10,1,Positive,4,0,0,1
212793,test/pos/293_10,1,Positive,0,0,0,5
212332,test/neg/12332_4,0,Negative,0,0,5,0
207905,test/neg/7905_4,0,Negative,0,1,4,0
200199,test/neg/199_4,0,Negative,0,5,0,0
214082,test/pos/1582_8,1,Positive,0,5,0,0
204614,test/neg/4614_3,0,Negative,0,5,0,0
206396,test/neg/6396_4,0,Negative,0,5,0,0
221530,test/pos/9030_7,1,Positive,2,0,3,0
200153,test/neg/153_4,0,Negative,0,2,3,0
215280,test/pos/2780_7,1,Positive,0,4,1,0
216143,test/pos/3643_7,1,Positive,2,2,1,0
206548,test/neg/6548_4,0,Negative,0,2,3,0
208102,test/neg/8102_4,0,Negative,0,4,1,0
201872,test/neg/1872_4,0,Negative,0,4,1,0
203547,test/neg/3547_4,0,Negative,2,2,1,0
207017,test/neg/7017_2,0,Negative,0,4,0,1
218546,test/pos/6046_10,1,Positive,0,2,0,3
200700,test/neg/700_4,0,Negative,1,1,3,0
202772,test/neg/2772_4,0,Negative,0,2,3,0
209072,test/neg/9072_4,0,Negative,0,5,0,0
206871,test/neg/6871_3,0,Negative,0,1,4,0
211715,test/neg/11715_3,0,Negative,0,5,0,0
221099,test/pos/8599_7,1,Positive,0,3,2,0
211271,test/neg/11271_4,0,Negative,0,2,3,0
202289,test/neg/2289_3,0,Negative,1,1,1,2
220134,test/pos/7634_7,1,Positive,0,3,2,0
208057,test/neg/8057_4,0,Negative,3,0,2,0
220634,test/pos/8134_7,1,Positive,0,4,1,0
219022,test/pos/6522_10,1,Positive,3,0,0,2
207618,test/neg/7618_3,0,Negative,4,0,1,0
222759,test/pos/10259_10,1,Positive,2,2,1,0
223752,test/pos/11252_7,1,Positive,0,0,1,4
208879,test/neg/8879_4,0,Negative,3,2,0,0
206461,test/neg/6461_2,0,Negative,2,2,0,1
206513,test/neg/6513_4,0,Negative,0,5,0,0
214401,test/pos/1901_10,1,Positive,0,5,0,0
210893,test/neg/10893_4,0,Negative,0,5,0,0
207746,test/neg/7746_2,0,Negative,0,3,2,0
220689,test/pos/8189_7,1,Positive,0,5,0,0
201370,test/neg/1370_4,0,Negative,2,1,2,0
218653,test/pos/6153_10,1,Positive,1,1,0,3
203708,test/neg/3708_1,0,Negative,1,3,1,0
221454,test/pos/8954_7,1,Positive,0,2,3,0
208742,test/neg/8742_3,0,Negative,0,4,1,0
205292,test/neg/5292_3,0,Negative,0,4,1,0
211405,test/neg/11405_3,0,Negative,0,2,3,0
208679,test/neg/8679_4,0,Negative,0,3,2,0
224496,test/pos/11996_7,1,Positive,5,0,0,0
208305,test/neg/8305_3,0,Negative,0,5,0,0
223949,test/pos/11449_8,1,Positive,2,0,3,0
218999,test/pos/6499_8,1,Positive,0,4,0,1
209837,test/neg/9837_4,0,Negative,0,5,0,0
221473,test/pos/8973_7,1,Positive,2,0,3,0
219815,test/pos/7315_7,1,Positive,1,1,3,0
207619,test/neg/7619_4,0,Negative,4,1,0,0
206761,test/neg/6761_3,0,Negative,1,3,1,0
208996,test/neg/8996_4,0,Negative,0,1,4,0
212662,test/pos/162_8,1,Positive,2,0,3,0
204881,test/neg/4881_3,0,Negative,3,1,1,0
200350,test/neg/350_4,0,Negative,0,4,1,0
203606,test/neg/3606_4,0,Negative,0,2,3,0
220512,test/pos/8012_7,1,Positive,1,3,1,0
209260,test/neg/9260_4,0,Negative,1,1,3,0
215949,test/pos/3449_7,1,Positive,2,0,3,0
208981,test/neg/8981_4,0,Negative,0,1,4,0
213648,test/pos/1148_8,1,Positive,0,2,3,0
215343,test/pos/2843_7,1,Positive,0,1,0,4
203964,test/neg/3964_4,0,Negative,0,5,0,0
210260,test/neg/10260_1,0,Negative,0,5,0,0
224864,test/pos/12364_7,1,Positive,1,0,4,0
200858,test/neg/858_4,0,Negative,0,1,4,0
215465,test/pos/2965_7,1,Positive,0,1,4,0
224722,test/pos/12222_7,1,Positive,0,3,2,0
224127,test/pos/11627_8,1,Positive,1,1,0,3
210419,test/neg/10419_4,0,Negative,1,2,2,0
209756,test/neg/9756_4,0,Negative,1,3,1,0
212987,test/pos/487_10,1,Positive,0,3,0,2
205885,test/neg/5885_4,0,Negative,0,2,3,0
223769,test/pos/11269_7,1,Positive,3,1,1,0
214208,test/pos/1708_7,1,Positive,1,0,4,0
204425,test/neg/4425_3,0,Negative,0,3,2,0
205378,test/neg/5378_2,0,Negative,1,4,0,0
208014,test/neg/8014_4,0,Negative,0,4,1,0
219762,test/pos/7262_8,1,Positive,1,0,2,2
200181,test/neg/181_3,0,Negative,0,2,3,0
207696,test/neg/7696_1,0,Negative,0,1,2,2
217373,test/pos/4873_8,1,Positive,1,3,1,0
212639,test/pos/139_9,1,Positive,2,0,1,2
224132,test/pos/11632_10,1,Positive,2,0,0,3
215876,test/pos/3376_8,1,Positive,1,1,3,0
220123,test/pos/7623_8,1,Positive,5,0,0,0
209459,test/neg/9459_4,0,Negative,1,3,1,0
213514,test/pos/1014_8,1,Positive,3,0,2,0
205017,test/neg/5017_4,0,Negative,4,0,1,0
205529,test/neg/5529_4,0,Negative,0,2,3,0
202383,test/neg/2383_4,0,Negative,0,3,1,1
216634,test/pos/4134_7,1,Positive,2,0,3,0
223954,test/pos/11454_7,1,Positive,3,0,2,0
210166,test/neg/10166_4,0,Negative,0,4,1,0
209476,test/neg/9476_3,0,Negative,0,5,0,0
223099,test/pos/10599_8,1,Positive,2,3,0,0
200374,test/neg/374_4,0,Negative,0,2,1,2
205073,test/neg/5073_4,0,Negative,0,5,0,0
220858,test/pos/8358_7,1,Positive,3,0,2,0
211478,test/neg/11478_3,0,Negative,3,1,1,0
221953,test/pos/9453_7,1,Positive,2,1,1,1
203785,test/neg/3785_3,0,Negative,0,1,1,3
220576,test/pos/8076_10,1,Positive,2,0,0,3
217887,test/pos/5387_8,1,Positive,2,1,0,2
209227,test/neg/9227_1,0,Negative,1,4,0,0
223052,test/pos/10552_7,1,Positive,0,5,0,0
211700,test/neg/11700_4,0,Negative,0,5,0,0
204898,test/neg/4898_4,0,Negative,1,0,4,0
219942,test/pos/7442_7,1,Positive,1,1,3,0
215516,test/pos/3016_8,1,Positive,1,1,0,3
223783,test/pos/11283_8,1,Positive,5,0,0,0
217459,test/pos/4959_10,1,Positive,5,0,0,0
203824,test/neg/3824_3,0,Negative,1,2,2,0
207377,test/neg/7377_3,0,Negative,1,0,3,1
221124,test/pos/8624_10,1,Positive,0,3,2,0
210050,test/neg/10050_4,0,Negative,2,2,1,0
210146,test/neg/10146_1,0,Negative,4,0,1,0
209552,test/neg/9552_2,0,Negative,0,4,1,0
202504,test/neg/2504_3,0,Negative,4,0,1,0
203603,test/neg/3603_3,0,Negative,0,4,1,0
215510,test/pos/3010_7,1,Positive,0,0,5,0
204984,test/neg/4984_4,0,Negative,0,2,3,0
207325,test/neg/7325_4,0,Negative,5,0,0,0
204890,test/neg/4890_3,0,Negative,2,0,3,0
208469,test/neg/8469_2,0,Negative,0,2,2,1
204070,test/neg/4070_1,0,Negative,2,2,1,0
223609,test/pos/11109_7,1,Positive,2,0,3,0
217755,test/pos/5255_7,1,Positive,0,1,4,0
223014,test/pos/10514_9,1,Positive,3,1,0,1
221065,test/pos/8565_9,1,Positive,1,1,3,0
220417,test/pos/7917_8,1,Positive,5,0,0,0
203586,test/neg/3586_4,0,Negative,4,0,1,0
207262,test/neg/7262_4,0,Negative,0,2,3,0
220124,test/pos/7624_10,1,Positive,1,3,1,0
221531,test/pos/9031_9,1,Positive,0,1,1,3
215218,test/pos/2718_9,1,Positive,0,1,2,2
213741,test/pos/1241_7,1,Positive,3,0,2,0
217759,test/pos/5259_7,1,Positive,4,0,1,0
202161,test/neg/2161_4,0,Negative,0,4,1,0
224726,test/pos/12226_7,1,Positive,2,1,2,0
201669,test/neg/1669_4,0,Negative,0,3,2,0
207115,test/neg/7115_4,0,Negative,4,0,1,0
200269,test/neg/269_2,0,Negative,0,0,0,5
210676,test/neg/10676_4,0,Negative,5,0,0,0
204383,test/neg/4383_4,0,Negative,0,3,2,0
222562,test/pos/10062_9,1,Positive,3,0,2,0
212820,test/pos/320_7,1,Positive,1,1,3,0
209096,test/neg/9096_3,0,Negative,0,5,0,0
213594,test/pos/1094_7,1,Positive,4,0,1,0
201560,test/neg/1560_4,0,Negative,1,1,3,0
211218,test/neg/11218_3,0,Negative,1,2,2,0
217034,test/pos/4534_7,1,Positive,1,3,1,0
222566,test/pos/10066_7,1,Positive,3,1,1,0
213166,test/pos/666_7,1,Positive,0,2,3,0
202514,test/neg/2514_4,0,Negative,5,0,0,0
208830,test/neg/8830_4,0,Negative,0,1,4,0
202164,test/neg/2164_4,0,Negative,1,2,2,0
219148,test/pos/6648_9,1,Positive,0,0,1,4
205873,test/neg/5873_3,0,Negative,0,5,0,0
217529,test/pos/5029_7,1,Positive,4,0,1,0
220122,test/pos/7622_8,1,Positive,2,1,2,0
200927,test/neg/927_3,0,Negative,3,1,1,0
214128,test/pos/1628_8,1,Positive,1,0,4,0
200686,test/neg/686_4,0,Negative,1,0,4,0
202239,test/neg/2239_1,0,Negative,2,3,0,0
204595,test/neg/4595_3,0,Negative,1,2,2,0
200834,test/neg/834_4,0,Negative,2,0,3,0
203378,test/neg/3378_3,0,Negative,4,0,0,1
211212,test/neg/11212_4,0,Negative,1,2,2,0
213242,test/pos/742_8,1,Positive,0,2,3,0
208473,test/neg/8473_4,0,Negative,0,3,2,0
209864,test/neg/9864_4,0,Negative,0,3,2,0
202593,test/neg/2593_1,0,Negative,1,1,3,0
201900,test/neg/1900_4,0,Negative,0,2,3,0
224040,test/pos/11540_10,1,Positive,5,0,0,0
209221,test/neg/9221_4,0,Negative,1,0,4,0
224439,test/pos/11939_7,1,Positive,1,0,3,1
215348,test/pos/2848_7,1,Positive,2,1,2,0
201003,test/neg/1003_4,0,Negative,1,1,3,0
209836,test/neg/9836_3,0,Negative,3,1,1,0
219464,test/pos/6964_8,1,Positive,0,2,3,0
222285,test/pos/9785_10,1,Positive,2,3,0,0
208183,test/neg/8183_3,0,Negative,1,0,2,2
214183,test/pos/1683_9,1,Positive,4,0,1,0
216841,test/pos/4341_7,1,Positive,2,2,1,0
220845,test/pos/8345_10,1,Positive,5,0,0,0
212144,test/neg/12144_4,0,Negative,0,2,3,0
208105,test/neg/8105_3,0,Negative,1,1,3,0
218550,test/pos/6050_10,1,Positive,2,0,0,3
214118,test/pos/1618_10,1,Positive,0,4,1,0
213679,test/pos/1179_7,1,Positive,3,0,2,0
203492,test/neg/3492_3,0,Negative,2,1,2,0
210650,test/neg/10650_4,0,Negative,1,0,4,0
217235,test/pos/4735_9,1,Positive,5,0,0,0
217456,test/pos/4956_9,1,Positive,1,3,1,0
203985,test/neg/3985_4,0,Negative,1,1,3,0
205051,test/neg/5051_4,0,Negative,2,1,1,1
213319,test/pos/819_7,1,Positive,3,1,1,0
210121,test/neg/10121_1,0,Negative,2,2,1,0
204000,test/neg/4000_4,0,Negative,3,0,2,0
207089,test/neg/7089_3,0,Negative,2,2,0,1
222355,test/pos/9855_9,1,Positive,1,3,0,1
216226,test/pos/3726_7,1,Positive,4,0,1,0
216310,test/pos/3810_7,1,Positive,2,1,2,0
206019,test/neg/6019_1,0,Negative,0,1,0,4
209253,test/neg/9253_4,0,Negative,2,0,3,0
210053,test/neg/10053_4,0,Negative,0,0,3,2
218244,test/pos/5744_10,1,Positive,4,1,0,0
217165,test/pos/4665_7,1,Positive,1,0,4,0
202400,test/neg/2400_1,0,Negative,4,0,0,1
203240,test/neg/3240_4,0,Negative,0,0,5,0
205929,test/neg/5929_4,0,Negative,0,2,3,0
217024,test/pos/4524_8,1,Positive,3,1,1,0
219440,test/pos/6940_10,1,Positive,2,1,0,2
220086,test/pos/7586_9,1,Positive,5,0,0,0
218353,test/pos/5853_8,1,Positive,5,0,0,0
222853,test/pos/10353_10,1,Positive,4,1,0,0
212415,test/neg/12415_2,0,Negative,3,1,1,0
202372,test/neg/2372_3,0,Negative,0,4,1,0
213728,test/pos/1228_7,1,Positive,3,0,2,0
202004,test/neg/2004_1,0,Negative,1,0,4,0
210788,test/neg/10788_4,0,Negative,4,0,1,0
202470,test/neg/2470_1,0,Negative,0,0,0,5
213368,test/pos/868_7,1,Positive,3,1,1,0
214570,test/pos/2070_10,1,Positive,1,4,0,0
217227,test/pos/4727_10,1,Positive,2,0,2,1
209154,test/neg/9154_2,0,Negative,5,0,0,0
219439,test/pos/6939_10,1,Positive,3,0,1,1
223000,test/pos/10500_7,1,Positive,1,1,3,0
207560,test/neg/7560_3,0,Negative,3,0,1,1
202497,test/neg/2497_2,0,Negative,1,0,4,0
207101,test/neg/7101_3,0,Negative,1,1,3,0
205878,test/neg/5878_3,0,Negative,1,1,3,0
200152,test/neg/152_4,0,Negative,5,0,0,0
224469,test/pos/11969_10,1,Positive,1,0,4,0
204841,test/neg/4841_3,0,Negative,2,1,2,0
224520,test/pos/12020_10,1,Positive,2,3,0,0
207092,test/neg/7092_1,0,Negative,4,0,0,1
217562,test/pos/5062_7,1,Positive,5,0,0,0
211767,test/neg/11767_2,0,Negative,0,5,0,0
207685,test/neg/7685_4,0,Negative,0,2,3,0
220800,test/pos/8300_7,1,Positive,5,0,0,0
200109,test/neg/109_4,0,Negative,3,0,2,0
224725,test/pos/12225_10,1,Positive,3,0,1,1
210678,test/neg/10678_2,0,Negative,1,1,0,3
215485,test/pos/2985_9,1,Positive,0,1,0,4
219149,test/pos/6649_10,1,Positive,1,0,4,0
200502,test/neg/502_4,0,Negative,1,1,2,1
221271,test/pos/8771_7,1,Positive,2,1,2,0
203592,test/neg/3592_1,0,Negative,5,0,0,0
218627,test/pos/6127_7,1,Positive,1,2,2,0
222855,test/pos/10355_10,1,Positive,4,0,1,0
202704,test/neg/2704_4,0,Negative,0,0,3,2
214452,test/pos/1952_7,1,Positive,3,0,1,1
216483,test/pos/3983_10,1,Positive,3,0,2,0
220804,test/pos/8304_7,1,Positive,4,1,0,0
224738,test/pos/12238_10,1,Positive,0,3,2,0
205389,test/neg/5389_4,0,Negative,0,0,5,0
209940,test/neg/9940_1,0,Negative,3,0,2,0
219438,test/pos/6938_8,1,Positive,0,1,4,0
224476,test/pos/11976_10,1,Positive,5,0,0,0
212136,test/neg/12136_4,0,Negative,0,3,2,0
211284,test/neg/11284_4,0,Negative,1,2,2,0
213404,test/pos/904_10,1,Positive,3,0,2,0
207380,test/neg/7380_1,0,Negative,2,0,0,3
222713,test/pos/10213_7,1,Positive,2,0,3,0
215498,test/pos/2998_8,1,Positive,1,0,4,0
206221,test/neg/6221_1,0,Negative,5,0,0,0
222101,test/pos/9601_10,1,Positive,0,2,1,2
221939,test/pos/9439_9,1,Positive,4,1,0,0
208335,test/neg/8335_1,0,Negative,4,0,1,0
215245,test/pos/2745_10,1,Positive,2,0,1,2
204640,test/neg/4640_4,0,Negative,0,3,2,0
202826,test/neg/2826_2,0,Negative,0,0,0,5
202376,test/neg/2376_4,0,Negative,5,0,0,0
221329,test/pos/8829_8,1,Positive,4,0,1,0
220334,test/pos/7834_8,1,Positive,5,0,0,0
204837,test/neg/4837_4,0,Negative,3,0,2,0
204514,test/neg/4514_3,0,Negative,0,1,4,0
202749,test/neg/2749_4,0,Negative,2,2,1,0
215550,test/pos/3050_7,1,Positive,5,0,0,0
222854,test/pos/10354_7,1,Positive,1,0,4,0
214440,test/pos/1940_9,1,Positive,0,2,1,2
214597,test/pos/2097_8,1,Positive,4,0,1,0
201454,test/neg/1454_4,0,Negative,0,1,4,0
211491,test/neg/11491_4,0,Negative,0,4,1,0
214010,test/pos/1510_8,1,Positive,2,0,3,0
203196,test/neg/3196_4,0,Negative,0,2,3,0
213394,test/pos/894_7,1,Positive,1,1,2,1
208820,test/neg/8820_2,0,Negative,0,5,0,0
201487,test/neg/1487_3,0,Negative,4,0,0,1
220963,test/pos/8463_10,1,Positive,0,1,3,1
215792,test/pos/3292_7,1,Positive,1,1,3,0
221488,test/pos/8988_7,1,Positive,1,2,2,0
219385,test/pos/6885_7,1,Positive,4,0,1,0
211385,test/neg/11385_4,0,Negative,1,2,2,0
206483,test/neg/6483_4,0,Negative,4,1,0,0
222185,test/pos/9685_10,1,Positive,4,1,0,0
208233,test/neg/8233_2,0,Negative,3,1,1,0
200983,test/neg/983_4,0,Negative,4,0,1,0
224156,test/pos/11656_8,1,Positive,0,0,4,1
218689,test/pos/6189_7,1,Positive,3,1,1,0
207056,test/neg/7056_4,0,Negative,0,3,1,1
201750,test/neg/1750_4,0,Negative,4,0,1,0
218628,test/pos/6128_10,1,Positive,5,0,0,0
218702,test/pos/6202_7,1,Positive,0,2,2,1
206822,test/neg/6822_1,0,Negative,1,0,0,4
216195,test/pos/3695_7,1,Positive,3,0,1,1
222095,test/pos/9595_10,1,Positive,3,0,1,1
213322,test/pos/822_10,1,Positive,4,0,1,0
207452,test/neg/7452_1,0,Negative,0,1,4,0
224562,test/pos/12062_10,1,Positive,3,0,0,2
206850,test/neg/6850_2,0,Negative,5,0,0,0
213603,test/pos/1103_10,1,Positive,2,0,2,1
215597,test/pos/3097_9,1,Positive,2,1,2,0
216868,test/pos/4368_10,1,Positive,2,0,3,0
218105,test/pos/5605_10,1,Positive,4,0,1,0
222193,test/pos/9693_7,1,Positive,0,3,2,0
209437,test/neg/9437_3,0,Negative,1,2,2,0
203720,test/neg/3720_4,0,Negative,2,0,3,0
217073,test/pos/4573_10,1,Positive,5,0,0,0
205828,test/neg/5828_4,0,Negative,1,1,3,0
202871,test/neg/2871_2,0,Negative,2,0,3,0
212279,test/neg/12279_4,0,Negative,4,0,1,0
223139,test/pos/10639_10,1,Positive,0,0,1,4
224382,test/pos/11882_10,1,Positive,0,3,2,0
200935,test/neg/935_4,0,Negative,4,0,1,0
213832,test/pos/1332_7,1,Positive,3,0,2,0
213032,test/pos/532_8,1,Positive,2,2,1,0
223050,test/pos/10550_8,1,Positive,1,0,4,0
224414,test/pos/11914_7,1,Positive,3,0,2,0
224533,test/pos/12033_7,1,Positive,3,0,2,0
217720,test/pos/5220_10,1,Positive,2,1,2,0
223910,test/pos/11410_7,1,Positive,3,2,0,0
218352,test/pos/5852_7,1,Positive,3,0,2,0
223785,test/pos/11285_8,1,Positive,1,0,4,0
219010,test/pos/6510_7,1,Positive,2,0,3,0
205335,test/neg/5335_4,0,Negative,1,2,2,0
209447,test/neg/9447_4,0,Negative,0,4,1,0
224856,test/pos/12356_10,1,Positive,2,0,3,0
222858,test/pos/10358_7,1,Positive,2,0,3,0
224493,test/pos/11993_10,1,Positive,1,0,4,0
210158,test/neg/10158_2,0,Negative,0,5,0,0
219393,test/pos/6893_7,1,Positive,4,0,1,0
219712,test/pos/7212_9,1,Positive,4,0,1,0
223442,test/pos/10942_7,1,Positive,1,0,4,0
218025,test/pos/5525_7,1,Positive,2,1,2,0
222135,test/pos/9635_8,1,Positive,4,0,1,0
208510,test/neg/8510_4,0,Negative,4,0,1,0
208462,test/neg/8462_4,0,Negative,1,1,3,0
223922,test/pos/11422_7,1,Positive,2,0,3,0
214117,test/pos/1617_7,1,Positive,5,0,0,0
218039,test/pos/5539_7,1,Positive,3,1,1,0
216567,test/pos/4067_8,1,Positive,3,0,2,0
202869,test/neg/2869_3,0,Negative,1,2,2,0
207443,test/neg/7443_1,0,Negative,0,0,5,0
214816,test/pos/2316_8,1,Positive,5,0,0,0
213868,test/pos/1368_8,1,Positive,4,0,1,0
219463,test/pos/6963_8,1,Positive,3,1,1,0
218747,test/pos/6247_10,1,Positive,2,0,1,2
217356,test/pos/4856_8,1,Positive,0,1,1,3
221661,test/pos/9161_7,1,Positive,3,0,2,0
207637,test/neg/7637_4,0,Negative,5,0,0,0
214277,test/pos/1777_10,1,Positive,0,2,3,0
205942,test/neg/5942_4,0,Negative,1,1,3,0
201596,test/neg/1596_3,0,Negative,2,2,0,1
218775,test/pos/6275_9,1,Positive,4,0,1,0
219230,test/pos/6730_7,1,Positive,1,2,2,0
207248,test/neg/7248_3,0,Negative,0,4,1,0
208211,test/neg/8211_3,0,Negative,0,3,2,0
216843,test/pos/4343_10,1,Positive,5,0,0,0
200464,test/neg/464_4,0,Negative,1,2,2,0
216720,test/pos/4220_8,1,Positive,1,1,3,0
217776,test/pos/5276_8,1,Positive,3,0,2,0
217294,test/pos/4794_9,1,Positive,1,0,3,1
204855,test/neg/4855_2,0,Negative,5,0,0,0
206551,test/neg/6551_4,0,Negative,1,1,2,1
203671,test/neg/3671_4,0,Negative,5,0,0,0
220705,test/pos/8205_10,1,Positive,2,0,3,0
205201,test/neg/5201_3,0,Negative,2,1,0,2
206771,test/neg/6771_4,0,Negative,5,0,0,0
214914,test/pos/2414_7,1,Positive,4,1,0,0
223416,test/pos/10916_7,1,Positive,3,0,2,0
214008,test/pos/1508_7,1,Positive,1,0,4,0
208591,test/neg/8591_4,0,Negative,0,1,4,0
207516,test/neg/7516_4,0,Negative,2,2,0,1
202356,test/neg/2356_4,0,Negative,3,0,2,0
200672,test/neg/672_4,0,Negative,0,2,3,0
212895,test/pos/395_8,1,Positive,4,0,1,0
204635,test/neg/4635_4,0,Negative,3,0,2,0
222289,test/pos/9789_10,1,Positive,5,0,0,0
202694,test/neg/2694_2,0,Negative,5,0,0,0
214377,test/pos/1877_7,1,Positive,5,0,0,0
214830,test/pos/2330_10,1,Positive,5,0,0,0
222253,test/pos/9753_8,1,Positive,3,0,2,0
210683,test/neg/10683_4,0,Negative,3,1,1,0
207886,test/neg/7886_3,0,Negative,3,0,2,0
216374,test/pos/3874_7,1,Positive,2,0,3,0
215319,test/pos/2819_7,1,Positive,3,1,1,0
224696,test/pos/12196_7,1,Positive,0,1,4,0
200564,test/neg/564_4,0,Negative,0,0,3,2
201450,test/neg/1450_3,0,Negative,0,0,5,0
212493,test/neg/12493_4,0,Negative,5,0,0,0
210783,test/neg/10783_4,0,Negative,1,0,3,1
200534,test/neg/534_4,0,Negative,0,2,3,0
223033,test/pos/10533_10,1,Positive,2,2,0,1
224470,test/pos/11970_10,1,Positive,5,0,0,0
217673,test/pos/5173_10,1,Positive,4,0,0,1
206768,test/neg/6768_4,0,Negative,2,1,2,0
208870,test/neg/8870_4,0,Negative,1,0,4,0
200488,test/neg/488_4,0,Negative,5,0,0,0
213873,test/pos/1373_10,1,Positive,2,0,3,0
215173,test/pos/2673_9,1,Positive,4,1,0,0
217153,test/pos/4653_10,1,Positive,0,0,0,5
204485,test/neg/4485_4,0,Negative,0,3,2,0
214608,test/pos/2108_8,1,Positive,4,1,0,0
208978,test/neg/8978_4,0,Negative,0,0,5,0
213233,test/pos/733_7,1,Positive,4,0,1,0
209086,test/neg/9086_3,0,Negative,4,0,1,0
201097,test/neg/1097_3,0,Negative,1,0,4,0
208246,test/neg/8246_2,0,Negative,4,0,1,0
205123,test/neg/5123_4,0,Negative,2,0,3,0
222377,test/pos/9877_8,1,Positive,2,1,2,0
211724,test/neg/11724_4,0,Negative,1,2,2,0
212278,test/neg/12278_3,0,Negative,1,0,3,1
202875,test/neg/2875_2,0,Negative,5,0,0,0
209819,test/neg/9819_4,0,Negative,5,0,0,0
224296,test/pos/11796_10,1,Positive,5,0,0,0
223043,test/pos/10543_7,1,Positive,5,0,0,0
208664,test/neg/8664_4,0,Negative,2,1,2,0
224365,test/pos/11865_7,1,Positive,5,0,0,0
221031,test/pos/8531_10,1,Positive,5,0,0,0
224680,test/pos/12180_7,1,Positive,3,0,1,1
213876,test/pos/1376_8,1,Positive,3,0,2,0
220894,test/pos/8394_9,1,Positive,3,1,1,0
216693,test/pos/4193_7,1,Positive,3,1,1,0
218122,test/pos/5622_8,1,Positive,4,1,0,0
202748,test/neg/2748_3,0,Negative,1,0,4,0
215371,test/pos/2871_8,1,Positive,4,1,0,0
204582,test/neg/4582_1,0,Negative,1,1,1,2
203461,test/neg/3461_4,0,Negative,0,2,3,0
223580,test/pos/11080_10,1,Positive,1,0,0,4
202911,test/neg/2911_4,0,Negative,2,0,3,0
223992,test/pos/11492_10,1,Positive,4,0,1,0
216914,test/pos/4414_7,1,Positive,2,1,2,0
208115,test/neg/8115_3,0,Negative,5,0,0,0
224134,test/pos/11634_10,1,Positive,5,0,0,0
221436,test/pos/8936_7,1,Positive,5,0,0,0
214196,test/pos/1696_10,1,Positive,3,0,0,2
213550,test/pos/1050_9,1,Positive,5,0,0,0
205248,test/neg/5248_1,0,Negative,1,1,3,0
202442,test/neg/2442_4,0,Negative,3,1,0,1
203005,test/neg/3005_1,0,Negative,5,0,0,0
213183,test/pos/683_7,1,Positive,1,1,1,2
219477,test/pos/6977_9,1,Positive,4,0,1,0
209638,test/neg/9638_3,0,Negative,5,0,0,0
221418,test/pos/8918_7,1,Positive,2,1,2,0
209121,test/neg/9121_3,0,Negative,4,0,1,0
223102,test/pos/10602_8,1,Positive,3,0,2,0
206272,test/neg/6272_1,0,Negative,3,1,1,0
212226,test/neg/12226_4,0,Negative,2,1,2,0
216100,test/pos/3600_8,1,Positive,4,0,0,1
219250,test/pos/6750_10,1,Positive,1,2,2,0
204848,test/neg/4848_3,0,Negative,4,0,1,0
202918,test/neg/2918_1,0,Negative,1,2,1,1
200013,test/neg/13_1,0,Negative,2,0,3,0
214669,test/pos/2169_7,1,Positive,5,0,0,0
211200,test/neg/11200_4,0,Negative,0,4,1,0
205491,test/neg/5491_4,0,Negative,0,4,1,0
221129,test/pos/8629_7,1,Positive,4,0,1,0
205197,test/neg/5197_4,0,Negative,2,0,3,0
200066,test/neg/66_3,0,Negative,0,2,3,0
221307,test/pos/8807_9,1,Positive,5,0,0,0
213075,test/pos/575_7,1,Positive,3,1,1,0
215016,test/pos/2516_10,1,Positive,5,0,0,0
203716,test/neg/3716_1,0,Negative,2,0,3,0
202440,test/neg/2440_4,0,Negative,3,2,0,0
222132,test/pos/9632_7,1,Positive,4,0,0,1
216199,test/pos/3699_9,1,Positive,5,0,0,0
217610,test/pos/5110_10,1,Positive,5,0,0,0
216052,test/pos/3552_7,1,Positive,4,0,1,0
205924,test/neg/5924_1,0,Negative,5,0,0,0
209497,test/neg/9497_3,0,Negative,4,1,0,0
224970,test/pos/12470_7,1,Positive,2,0,3,0
212296,test/neg/12296_3,0,Negative,2,0,3,0
221816,test/pos/9316_7,1,Positive,5,0,0,0
221125,test/pos/8625_9,1,Positive,0,0,0,5
206916,test/neg/6916_3,0,Negative,2,0,3,0
223792,test/pos/11292_10,1,Positive,4,0,0,1
221368,test/pos/8868_7,1,Positive,3,1,1,0
217902,test/pos/5402_7,1,Positive,5,0,0,0
205147,test/neg/5147_1,0,Negative,2,0,1,2
221524,test/pos/9024_8,1,Positive,4,0,1,0
212110,test/neg/12110_1,0,Negative,0,2,3,0
203646,test/neg/3646_1,0,Negative,0,3,1,1
200539,test/neg/539_3,0,Negative,5,0,0,0
209220,test/neg/9220_4,0,Negative,4,0,1,0
213759,test/pos/1259_10,1,Positive,4,1,0,0
200708,test/neg/708_3,0,Negative,5,0,0,0
220702,test/pos/8202_7,1,Positive,2,0,3,0
218041,test/pos/5541_7,1,Positive,2,0,3,0
202234,test/neg/2234_4,0,Negative,0,3,2,0
224280,test/pos/11780_8,1,Positive,4,0,1,0
216788,test/pos/4288_8,1,Positive,3,0,2,0
219243,test/pos/6743_8,1,Positive,2,0,3,0
218707,test/pos/6207_7,1,Positive,2,0,3,0
216137,test/pos/3637_10,1,Positive,0,0,4,1
207150,test/neg/7150_4,0,Negative,4,0,1,0
223857,test/pos/11357_7,1,Positive,5,0,0,0
221660,test/pos/9160_9,1,Positive,5,0,0,0
207698,test/neg/7698_4,0,Negative,1,1,3,0
212258,test/neg/12258_3,0,Negative,0,3,2,0
215756,test/pos/3256_10,1,Positive,5,0,0,0
210003,test/neg/10003_3,0,Negative,2,1,2,0
207578,test/neg/7578_2,0,Negative,2,1,2,0
213871,test/pos/1371_8,1,Positive,5,0,0,0
220197,test/pos/7697_7,1,Positive,4,0,1,0
223201,test/pos/10701_10,1,Positive,5,0,0,0
221465,test/pos/8965_8,1,Positive,2,1,2,0
220808,test/pos/8308_10,1,Positive,3,1,1,0
218880,test/pos/6380_9,1,Positive,5,0,0,0
207363,test/neg/7363_3,0,Negative,1,2,1,1
222448,test/pos/9948_7,1,Positive,4,0,1,0
205949,test/neg/5949_4,0,Negative,2,0,3,0
214241,test/pos/1741_10,1,Positive,4,0,0,1
211315,test/neg/11315_3,0,Negative,0,3,2,0
201693,test/neg/1693_4,0,Negative,1,0,4,0
224336,test/pos/11836_7,1,Positive,3,0,2,0
223335,test/pos/10835_9,1,Positive,0,0,1,4
214973,test/pos/2473_10,1,Positive,5,0,0,0
213972,test/pos/1472_10,1,Positive,2,0,3,0
215991,test/pos/3491_7,1,Positive,3,2,0,0
213913,test/pos/1413_9,1,Positive,4,0,0,1
200472,test/neg/472_4,0,Negative,5,0,0,0
215787,test/pos/3287_10,1,Positive,4,0,1,0
219260,test/pos/6760_7,1,Positive,5,0,0,0
202536,test/neg/2536_4,0,Negative,5,0,0,0
214822,test/pos/2322_7,1,Positive,5,0,0,0
205532,test/neg/5532_4,0,Negative,2,0,3,0
220743,test/pos/8243_7,1,Positive,1,2,2,0
202415,test/neg/2415_2,0,Negative,1,0,4,0
202661,test/neg/2661_4,0,Negative,4,0,1,0
210674,test/neg/10674_2,0,Negative,4,0,1,0
200256,test/neg/256_4,0,Negative,0,0,5,0
206734,test/neg/6734_2,0,Negative,1,1,0,3
224136,test/pos/11636_9,1,Positive,4,0,1,0
222326,test/pos/9826_8,1,Positive,3,0,2,0
202192,test/neg/2192_4,0,Negative,4,0,1,0
209182,test/neg/9182_3,0,Negative,5,0,0,0
213418,test/pos/918_10,1,Positive,5,0,0,0
219641,test/pos/7141_7,1,Positive,4,0,1,0
213195,test/pos/695_10,1,Positive,5,0,0,0
221316,test/pos/8816_8,1,Positive,3,1,1,0
214660,test/pos/2160_7,1,Positive,3,1,1,0
215253,test/pos/2753_9,1,Positive,3,0,0,2
203699,test/neg/3699_4,0,Negative,0,1,4,0
204806,test/neg/4806_4,0,Negative,2,1,2,0
200295,test/neg/295_1,0,Negative,2,1,0,2
215017,test/pos/2517_7,1,Positive,5,0,0,0
214374,test/pos/1874_9,1,Positive,5,0,0,0
218256,test/pos/5756_9,1,Positive,2,2,1,0
220806,test/pos/8306_7,1,Positive,4,0,1,0
214883,test/pos/2383_8,1,Positive,1,2,2,0
217688,test/pos/5188_7,1,Positive,5,0,0,0
214726,test/pos/2226_10,1,Positive,5,0,0,0
207882,test/neg/7882_3,0,Negative,4,0,1,0
223688,test/pos/11188_8,1,Positive,5,0,0,0
202646,test/neg/2646_3,0,Negative,2,0,3,0
201894,test/neg/1894_4,0,Negative,4,0,1,0
219722,test/pos/7222_7,1,Positive,5,0,0,0
217736,test/pos/5236_8,1,Positive,1,0,1,3
210782,test/neg/10782_2,0,Negative,2,0,3,0
219382,test/pos/6882_7,1,Positive,5,0,0,0
210206,test/neg/10206_4,0,Negative,5,0,0,0
223545,test/pos/11045_8,1,Positive,3,0,2,0
201361,test/neg/1361_3,0,Negative,2,0,3,0
220891,test/pos/8391_9,1,Positive,5,0,0,0
220015,test/pos/7515_9,1,Positive,5,0,0,0
220066,test/pos/7566_9,1,Positive,4,0,0,1
224933,test/pos/12433_8,1,Positive,4,1,0,0
216546,test/pos/4046_10,1,Positive,5,0,0,0
216410,test/pos/3910_9,1,Positive,4,0,1,0
211734,test/neg/11734_3,0,Negative,3,1,1,0
209611,test/neg/9611_1,0,Negative,3,0,0,2
221568,test/pos/9068_7,1,Positive,5,0,0,0
218614,test/pos/6114_10,1,Positive,4,0,1,0
216790,test/pos/4290_7,1,Positive,4,0,1,0
217763,test/pos/5263_9,1,Positive,4,1,0,0
221150,test/pos/8650_7,1,Positive,3,0,2,0
204359,test/neg/4359_1,0,Negative,1,0,4,0
224853,test/pos/12353_7,1,Positive,5,0,0,0
215265,test/pos/2765_9,1,Positive,5,0,0,0
221937,test/pos/9437_10,1,Positive,5,0,0,0
212990,test/pos/490_8,1,Positive,5,0,0,0
204400,test/neg/4400_4,0,Negative,5,0,0,0
222192,test/pos/9692_9,1,Positive,4,0,1,0
221726,test/pos/9226_10,1,Positive,5,0,0,0
216782,test/pos/4282_7,1,Positive,0,1,4,0
204697,test/neg/4697_3,0,Negative,1,0,4,0
200906,test/neg/906_4,0,Negative,4,0,1,0
203351,test/neg/3351_4,0,Negative,4,0,1,0
203620,test/neg/3620_4,0,Negative,2,0,2,1
201593,test/neg/1593_4,0,Negative,3,0,2,0
222895,test/pos/10395_10,1,Positive,4,1,0,0
210340,test/neg/10340_1,0,Negative,1,2,2,0
219072,test/pos/6572_9,1,Positive,5,0,0,0
206465,test/neg/6465_4,0,Negative,2,0,3,0
216504,test/pos/4004_7,1,Positive,1,0,2,2
222719,test/pos/10219_9,1,Positive,5,0,0,0
201148,test/neg/1148_4,0,Negative,4,0,1,0
214441,test/pos/1941_7,1,Positive,5,0,0,0
212377,test/neg/12377_1,0,Negative,2,2,1,0
211392,test/neg/11392_3,0,Negative,4,0,1,0
219720,test/pos/7220_8,1,Positive,3,1,1,0
203482,test/neg/3482_3,0,Negative,1,0,4,0
200081,test/neg/81_3,0,Negative,4,0,1,0
211763,test/neg/11763_1,0,Negative,1,2,2,0
218343,test/pos/5843_10,1,Positive,3,0,1,1
213467,test/pos/967_7,1,Positive,4,0,1,0
200832,test/neg/832_4,0,Negative,3,1,0,1
207557,test/neg/7557_4,0,Negative,4,0,1,0
221509,test/pos/9009_7,1,Positive,3,0,1,1
217262,test/pos/4762_8,1,Positive,4,0,1,0
203935,test/neg/3935_4,0,Negative,5,0,0,0
214389,test/pos/1889_8,1,Positive,5,0,0,0
220411,test/pos/7911_7,1,Positive,5,0,0,0
216691,test/pos/4191_10,1,Positive,5,0,0,0
213377,test/pos/877_10,1,Positive,3,0,1,1
212243,test/neg/12243_4,0,Negative,5,0,0,0
217344,test/pos/4844_7,1,Positive,5,0,0,0
205149,test/neg/5149_3,0,Negative,1,0,4,0
224130,test/pos/11630_7,1,Positive,4,0,1,0
202235,test/neg/2235_4,0,Negative,3,0,2,0
222948,test/pos/10448_7,1,Positive,3,0,2,0
215135,test/pos/2635_10,1,Positive,4,0,0,1
201790,test/neg/1790_2,0,Negative,2,0,3,0
222410,test/pos/9910_8,1,Positive,2,2,0,1
201671,test/neg/1671_2,0,Negative,5,0,0,0
205213,test/neg/5213_4,0,Negative,1,0,4,0
206342,test/neg/6342_3,0,Negative,3,0,2,0
217684,test/pos/5184_8,1,Positive,5,0,0,0
213835,test/pos/1335_7,1,Positive,5,0,0,0
223815,test/pos/11315_7,1,Positive,3,0,2,0
202324,test/neg/2324_2,0,Negative,3,0,1,1
213119,test/pos/619_10,1,Positive,5,0,0,0
224716,test/pos/12216_10,1,Positive,5,0,0,0
201532,test/neg/1532_4,0,Negative,5,0,0,0
203593,test/neg/3593_1,0,Negative,5,0,0,0
224741,test/pos/12241_8,1,Positive,4,0,1,0
222998,test/pos/10498_10,1,Positive,4,0,1,0
220582,test/pos/8082_7,1,Positive,4,0,1,0
214632,test/pos/2132_8,1,Positive,5,0,0,0
221905,test/pos/9405_7,1,Positive,3,0,2,0
216729,test/pos/4229_9,1,Positive,5,0,0,0
203305,test/neg/3305_4,0,Negative,3,0,2,0
211571,test/neg/11571_4,0,Negative,5,0,0,0
219332,test/pos/6832_7,1,Positive,5,0,0,0
211029,test/neg/11029_3,0,Negative,5,0,0,0
203409,test/neg/3409_4,0,Negative,3,0,2,0
218713,test/pos/6213_8,1,Positive,3,1,1,0
221030,test/pos/8530_10,1,Positive,4,1,0,0
222115,test/pos/9615_8,1,Positive,5,0,0,0
203271,test/neg/3271_4,0,Negative,4,0,1,0
209183,test/neg/9183_3,0,Negative,4,0,1,0
216412,test/pos/3912_9,1,Positive,5,0,0,0
221952,test/pos/9452_10,1,Positive,5,0,0,0
208854,test/neg/8854_3,0,Negative,5,0,0,0
218819,test/pos/6319_10,1,Positive,4,0,1,0
216038,test/pos/3538_8,1,Positive,3,1,1,0
211910,test/neg/11910_2,0,Negative,1,0,4,0
202732,test/neg/2732_4,0,Negative,3,0,2,0
202424,test/neg/2424_2,0,Negative,5,0,0,0
207035,test/neg/7035_2,0,Negative,3,0,1,1
222136,test/pos/9636_10,1,Positive,5,0,0,0
200355,test/neg/355_4,0,Negative,1,0,4,0
202882,test/neg/2882_3,0,Negative,4,0,1,0
201705,test/neg/1705_4,0,Negative,4,0,1,0
213893,test/pos/1393_8,1,Positive,4,0,0,1
208072,test/neg/8072_4,0,Negative,2,0,3,0
218825,test/pos/6325_9,1,Positive,2,0,2,1
221073,test/pos/8573_7,1,Positive,3,0,2,0
209634,test/neg/9634_4,0,Negative,1,1,3,0
206888,test/neg/6888_3,0,Negative,2,0,3,0
223706,test/pos/11206_9,1,Positive,2,1,2,0
218907,test/pos/6407_10,1,Positive,3,0,1,1
207979,test/neg/7979_3,0,Negative,3,0,2,0
217070,test/pos/4570_7,1,Positive,4,0,1,0
210285,test/neg/10285_1,0,Negative,3,0,0,2
215999,test/pos/3499_10,1,Positive,5,0,0,0
201008,test/neg/1008_2,0,Negative,5,0,0,0
218887,test/pos/6387_7,1,Positive,5,0,0,0
212363,test/neg/12363_4,0,Negative,1,0,4,0
213898,test/pos/1398_8,1,Positive,3,1,1,0
200441,test/neg/441_4,0,Negative,4,0,1,0
219503,test/pos/7003_10,1,Positive,5,0,0,0
201657,test/neg/1657_4,0,Negative,5,0,0,0
210536,test/neg/10536_2,0,Negative,2,0,3,0
220409,test/pos/7909_9,1,Positive,5,0,0,0
202118,test/neg/2118_4,0,Negative,2,1,2,0
201477,test/neg/1477_4,0,Negative,4,0,1,0
212846,test/pos/346_7,1,Positive,2,0,3,0
218158,test/pos/5658_9,1,Positive,5,0,0,0
203568,test/neg/3568_4,0,Negative,5,0,0,0
222878,test/pos/10378_8,1,Positive,3,1,1,0
213262,test/pos/762_7,1,Positive,4,0,1,0
203564,test/neg/3564_2,0,Negative,4,0,1,0
218778,test/pos/6278_9,1,Positive,3,0,2,0
211207,test/neg/11207_1,0,Negative,3,1,1,0
200612,test/neg/612_3,0,Negative,4,1,0,0
216705,test/pos/4205_7,1,Positive,5,0,0,0
219517,test/pos/7017_10,1,Positive,2,1,0,2
213403,test/pos/903_10,1,Positive,5,0,0,0
202805,test/neg/2805_4,0,Negative,4,0,1,0
211810,test/neg/11810_4,0,Negative,2,0,3,0
216249,test/pos/3749_8,1,Positive,5,0,0,0
222819,test/pos/10319_8,1,Positive,4,0,1,0
214895,test/pos/2395_9,1,Positive,5,0,0,0
222541,test/pos/10041_8,1,Positive,5,0,0,0
217329,test/pos/4829_7,1,Positive,5,0,0,0
224063,test/pos/11563_8,1,Positive,5,0,0,0
217089,test/pos/4589_10,1,Positive,5,0,0,0
201279,test/neg/1279_3,0,Negative,5,0,0,0
200763,test/neg/763_2,0,Negative,5,0,0,0
211853,test/neg/11853_1,0,Negative,2,1,2,0
217159,test/pos/4659_10,1,Positive,5,0,0,0
206031,test/neg/6031_3,0,Negative,5,0,0,0
202345,test/neg/2345_3,0,Negative,3,0,2,0
218262,test/pos/5762_9,1,Positive,5,0,0,0
208179,test/neg/8179_2,0,Negative,3,1,1,0
216016,test/pos/3516_7,1,Positive,4,0,1,0
220230,test/pos/7730_8,1,Positive,5,0,0,0
207341,test/neg/7341_3,0,Negative,3,0,1,1
223953,test/pos/11453_7,1,Positive,5,0,0,0
202178,test/neg/2178_4,0,Negative,5,0,0,0
200565,test/neg/565_2,0,Negative,3,0,2,0
212850,test/pos/350_10,1,Positive,4,0,0,1
203417,test/neg/3417_4,0,Negative,5,0,0,0
209133,test/neg/9133_3,0,Negative,3,0,2,0
223040,test/pos/10540_10,1,Positive,5,0,0,0
203724,test/neg/3724_3,0,Negative,1,2,1,1
214844,test/pos/2344_10,1,Positive,4,0,1,0
212661,test/pos/161_7,1,Positive,4,0,1,0
216198,test/pos/3698_9,1,Positive,5,0,0,0
224359,test/pos/11859_8,1,Positive,5,0,0,0
219835,test/pos/7335_10,1,Positive,5,0,0,0
203835,test/neg/3835_2,0,Negative,4,1,0,0
209073,test/neg/9073_4,0,Negative,4,0,1,0
224198,test/pos/11698_10,1,Positive,5,0,0,0
218376,test/pos/5876_10,1,Positive,1,0,2,2
222279,test/pos/9779_10,1,Positive,4,0,0,1
219976,test/pos/7476_10,1,Positive,4,0,1,0
204502,test/neg/4502_1,0,Negative,0,1,4,0
215575,test/pos/3075_7,1,Positive,5,0,0,0
210339,test/neg/10339_4,0,Negative,5,0,0,0
208490,test/neg/8490_1,0,Negative,5,0,0,0
216579,test/pos/4079_8,1,Positive,5,0,0,0
213708,test/pos/1208_10,1,Positive,4,0,0,1
215841,test/pos/3341_8,1,Positive,3,0,0,2
215309,test/pos/2809_7,1,Positive,4,0,0,1
212788,test/pos/288_7,1,Positive,4,0,1,0
213173,test/pos/673_8,1,Positive,5,0,0,0
200544,test/neg/544_4,0,Negative,1,1,2,1
219857,test/pos/7357_10,1,Positive,5,0,0,0
208250,test/neg/8250_1,0,Negative,1,0,4,0
219356,test/pos/6856_7,1,Positive,5,0,0,0
200389,test/neg/389_1,0,Negative,4,0,1,0
210307,test/neg/10307_2,0,Negative,4,0,1,0
218633,test/pos/6133_8,1,Positive,5,0,0,0
213615,test/pos/1115_9,1,Positive,3,0,2,0
200147,test/neg/147_4,0,Negative,2,0,3,0
214280,test/pos/1780_10,1,Positive,1,0,2,2
213992,test/pos/1492_9,1,Positive,4,0,0,1
206300,test/neg/6300_3,0,Negative,5,0,0,0
214120,test/pos/1620_7,1,Positive,4,0,1,0
214498,test/pos/1998_8,1,Positive,5,0,0,0
219008,test/pos/6508_9,1,Positive,5,0,0,0
211181,test/neg/11181_4,0,Negative,5,0,0,0
221152,test/pos/8652_8,1,Positive,4,0,1,0
212049,test/neg/12049_4,0,Negative,2,0,3,0
207851,test/neg/7851_4,0,Negative,1,2,2,0
201294,test/neg/1294_4,0,Negative,3,1,1,0
213169,test/pos/669_10,1,Positive,3,0,1,1
213324,test/pos/824_8,1,Positive,5,0,0,0
222784,test/pos/10284_9,1,Positive,5,0,0,0
201323,test/neg/1323_3,0,Negative,3,0,1,1
214435,test/pos/1935_7,1,Positive,5,0,0,0
205453,test/neg/5453_3,0,Negative,4,0,0,1
222709,test/pos/10209_7,1,Positive,5,0,0,0
224491,test/pos/11991_10,1,Positive,5,0,0,0
214404,test/pos/1904_10,1,Positive,5,0,0,0
223081,test/pos/10581_10,1,Positive,2,1,2,0
209037,test/neg/9037_3,0,Negative,4,0,1,0
204638,test/neg/4638_4,0,Negative,2,1,2,0
215874,test/pos/3374_10,1,Positive,4,0,1,0
217233,test/pos/4733_9,1,Positive,5,0,0,0
202743,test/neg/2743_1,0,Negative,4,0,1,0
211027,test/neg/11027_4,0,Negative,1,0,4,0
201362,test/neg/1362_3,0,Negative,4,0,1,0
219349,test/pos/6849_8,1,Positive,4,1,0,0
200048,test/neg/48_4,0,Negative,1,0,3,1
224343,test/pos/11843_9,1,Positive,4,0,0,1
220750,test/pos/8250_8,1,Positive,5,0,0,0
215275,test/pos/2775_10,1,Positive,4,0,1,0
206190,test/neg/6190_1,0,Negative,5,0,0,0
212991,test/pos/491_9,1,Positive,5,0,0,0
208022,test/neg/8022_3,0,Negative,3,0,2,0
200052,test/neg/52_4,0,Negative,4,0,0,1
224808,test/pos/12308_10,1,Positive,3,0,1,1
203489,test/neg/3489_4,0,Negative,1,1,3,0
204411,test/neg/4411_1,0,Negative,5,0,0,0
205811,test/neg/5811_4,0,Negative,5,0,0,0
214405,test/pos/1905_8,1,Positive,4,0,1,0
209188,test/neg/9188_3,0,Negative,0,1,4,0
216840,test/pos/4340_9,1,Positive,5,0,0,0
204342,test/neg/4342_2,0,Negative,3,0,2,0
204066,test/neg/4066_1,0,Negative,4,0,1,0
208845,test/neg/8845_4,0,Negative,5,0,0,0
209230,test/neg/9230_3,0,Negative,0,0,4,1
205820,test/neg/5820_1,0,Negative,5,0,0,0
218889,test/pos/6389_8,1,Positive,5,0,0,0
217328,test/pos/4828_8,1,Positive,4,0,1,0
220398,test/pos/7898_10,1,Positive,5,0,0,0
218996,test/pos/6496_8,1,Positive,2,0,0,3
205368,test/neg/5368_4,0,Negative,4,0,0,1
215308,test/pos/2808_10,1,Positive,4,0,1,0
210099,test/neg/10099_4,0,Negative,4,0,1,0
220550,test/pos/8050_7,1,Positive,5,0,0,0
218211,test/pos/5711_10,1,Positive,5,0,0,0
223444,test/pos/10944_7,1,Positive,2,0,3,0
205104,test/neg/5104_3,0,Negative,5,0,0,0
214467,test/pos/1967_10,1,Positive,5,0,0,0
202226,test/neg/2226_4,0,Negative,4,0,0,1
224472,test/pos/11972_7,1,Positive,3,0,2,0
223944,test/pos/11444_8,1,Positive,5,0,0,0
224632,test/pos/12132_8,1,Positive,5,0,0,0
223324,test/pos/10824_7,1,Positive,2,0,3,0
215831,test/pos/3331_10,1,Positive,5,0,0,0
211088,test/neg/11088_4,0,Negative,4,0,1,0
211945,test/neg/11945_4,0,Negative,4,1,0,0
203010,test/neg/3010_3,0,Negative,5,0,0,0
220558,test/pos/8058_10,1,Positive,4,0,1,0
221336,test/pos/8836_8,1,Positive,5,0,0,0
216441,test/pos/3941_8,1,Positive,5,0,0,0
220223,test/pos/7723_8,1,Positive,5,0,0,0
211394,test/neg/11394_4,0,Negative,5,0,0,0
208012,test/neg/8012_4,0,Negative,3,0,2,0
215447,test/pos/2947_10,1,Positive,5,0,0,0
221044,test/pos/8544_10,1,Positive,5,0,0,0
202177,test/neg/2177_2,0,Negative,3,0,2,0
206254,test/neg/6254_4,0,Negative,4,0,1,0
205480,test/neg/5480_1,0,Negative,3,0,0,2
223376,test/pos/10876_7,1,Positive,2,0,1,2
217705,test/pos/5205_10,1,Positive,4,1,0,0
224346,test/pos/11846_9,1,Positive,5,0,0,0
221790,test/pos/9290_10,1,Positive,5,0,0,0
204636,test/neg/4636_3,0,Negative,5,0,0,0
224368,test/pos/11868_8,1,Positive,3,0,2,0
209117,test/neg/9117_4,0,Negative,4,0,1,0
221863,test/pos/9363_8,1,Positive,4,0,1,0
212953,test/pos/453_9,1,Positive,4,1,0,0
218263,test/pos/5763_10,1,Positive,5,0,0,0
202913,test/neg/2913_3,0,Negative,2,1,1,1
210710,test/neg/10710_1,0,Negative,0,0,2,3
204497,test/neg/4497_4,0,Negative,4,0,1,0
208631,test/neg/8631_1,0,Negative,5,0,0,0
218243,test/pos/5743_10,1,Positive,5,0,0,0
200247,test/neg/247_2,0,Negative,5,0,0,0
211351,test/neg/11351_4,0,Negative,5,0,0,0
211014,test/neg/11014_4,0,Negative,4,0,1,0
218127,test/pos/5627_10,1,Positive,5,0,0,0
220841,test/pos/8341_10,1,Positive,5,0,0,0
216373,test/pos/3873_7,1,Positive,5,0,0,0
212389,test/neg/12389_1,0,Negative,2,3,0,0
222163,test/pos/9663_9,1,Positive,5,0,0,0
220587,test/pos/8087_10,1,Positive,5,0,0,0
206867,test/neg/6867_1,0,Negative,3,0,0,2
216227,test/pos/3727_10,1,Positive,5,0,0,0
223251,test/pos/10751_10,1,Positive,5,0,0,0
218943,test/pos/6443_10,1,Positive,4,0,1,0
208828,test/neg/8828_4,0,Negative,3,0,2,0
220150,test/pos/7650_8,1,Positive,4,0,1,0
221895,test/pos/9395_8,1,Positive,5,0,0,0
208192,test/neg/8192_4,0,Negative,2,1,2,0
221690,test/pos/9190_8,1,Positive,5,0,0,0
201554,test/neg/1554_1,0,Negative,2,1,2,0
214483,test/pos/1983_9,1,Positive,3,1,1,0
200072,test/neg/72_4,0,Negative,3,1,1,0
216084,test/pos/3584_10,1,Positive,4,0,1,0
219325,test/pos/6825_9,1,Positive,5,0,0,0
221261,test/pos/8761_9,1,Positive,5,0,0,0
218145,test/pos/5645_10,1,Positive,5,0,0,0
212412,test/neg/12412_3,0,Negative,4,0,1,0
213513,test/pos/1013_7,1,Positive,5,0,0,0
212976,test/pos/476_9,1,Positive,5,0,0,0
206832,test/neg/6832_4,0,Negative,5,0,0,0
209151,test/neg/9151_2,0,Negative,1,2,2,0
206851,test/neg/6851_1,0,Negative,3,0,1,1
223800,test/pos/11300_8,1,Positive,5,0,0,0
214409,test/pos/1909_9,1,Positive,5,0,0,0
224279,test/pos/11779_10,1,Positive,5,0,0,0
218254,test/pos/5754_10,1,Positive,5,0,0,0
203283,test/neg/3283_2,0,Negative,5,0,0,0
218892,test/pos/6392_10,1,Positive,5,0,0,0
220606,test/pos/8106_10,1,Positive,4,0,0,1
224273,test/pos/11773_10,1,Positive,4,1,0,0
224486,test/pos/11986_7,1,Positive,4,0,1,0
217633,test/pos/5133_10,1,Positive,5,0,0,0
217888,test/pos/5388_8,1,Positive,3,0,1,1
224614,test/pos/12114_9,1,Positive,4,0,1,0
220443,test/pos/7943_9,1,Positive,5,0,0,0
215603,test/pos/3103_7,1,Positive,4,0,1,0
208862,test/neg/8862_1,0,Negative,5,0,0,0
213077,test/pos/577_8,1,Positive,5,0,0,0
215878,test/pos/3378_10,1,Positive,2,0,2,1
223715,test/pos/11215_8,1,Positive,5,0,0,0
211604,test/neg/11604_3,0,Negative,5,0,0,0
212563,test/pos/63_10,1,Positive,5,0,0,0
219702,test/pos/7202_10,1,Positive,5,0,0,0
213141,test/pos/641_8,1,Positive,4,1,0,0
223467,test/pos/10967_10,1,Positive,4,0,1,0
218366,test/pos/5866_8,1,Positive,4,0,1,0
221518,test/pos/9018_7,1,Positive,5,0,0,0
207834,test/neg/7834_3,0,Negative,5,0,0,0
202689,test/neg/2689_3,0,Negative,5,0,0,0
224775,test/pos/12275_7,1,Positive,5,0,0,0
216620,test/pos/4120_8,1,Positive,5,0,0,0
200682,test/neg/682_4,0,Negative,2,0,2,1
211983,test/neg/11983_1,0,Negative,5,0,0,0
223585,test/pos/11085_7,1,Positive,5,0,0,0
210283,test/neg/10283_1,0,Negative,3,0,0,2
209358,test/neg/9358_1,0,Negative,2,0,3,0
216604,test/pos/4104_10,1,Positive,5,0,0,0
221636,test/pos/9136_10,1,Positive,4,0,1,0
203931,test/neg/3931_1,0,Negative,4,0,1,0
211931,test/neg/11931_3,0,Negative,3,0,2,0
216835,test/pos/4335_9,1,Positive,5,0,0,0
200005,test/neg/5_4,0,Negative,5,0,0,0
219276,test/pos/6776_9,1,Positive,5,0,0,0
212254,test/neg/12254_3,0,Negative,3,1,1,0
220648,test/pos/8148_10,1,Positive,4,0,0,1
212070,test/neg/12070_4,0,Negative,5,0,0,0
224250,test/pos/11750_10,1,Positive,5,0,0,0
221992,test/pos/9492_10,1,Positive,5,0,0,0
206279,test/neg/6279_4,0,Negative,4,0,1,0
208831,test/neg/8831_1,0,Negative,4,0,0,1
211506,test/neg/11506_2,0,Negative,4,0,1,0
213743,test/pos/1243_7,1,Positive,5,0,0,0
201818,test/neg/1818_1,0,Negative,2,1,1,1
219613,test/pos/7113_7,1,Positive,3,0,2,0
206314,test/neg/6314_3,0,Negative,5,0,0,0
214199,test/pos/1699_8,1,Positive,4,0,1,0
224025,test/pos/11525_7,1,Positive,3,0,2,0
211890,test/neg/11890_1,0,Negative,5,0,0,0
210305,test/neg/10305_1,0,Negative,3,0,0,2
212077,test/neg/12077_2,0,Negative,5,0,0,0
223744,test/pos/11244_8,1,Positive,3,1,1,0
223968,test/pos/11468_8,1,Positive,5,0,0,0
223620,test/pos/11120_7,1,Positive,3,0,2,0
216565,test/pos/4065_9,1,Positive,5,0,0,0
217738,test/pos/5238_7,1,Positive,5,0,0,0
210850,test/neg/10850_2,0,Negative,4,1,0,0
209511,test/neg/9511_1,0,Negative,5,0,0,0
221312,test/pos/8812_10,1,Positive,5,0,0,0
209570,test/neg/9570_2,0,Negative,5,0,0,0
200090,test/neg/90_2,0,Negative,3,1,1,0
211191,test/neg/11191_4,0,Negative,1,1,3,0
211243,test/neg/11243_2,0,Negative,5,0,0,0
221512,test/pos/9012_10,1,Positive,5,0,0,0
217470,test/pos/4970_9,1,Positive,5,0,0,0
200105,test/neg/105_3,0,Negative,3,1,1,0
210396,test/neg/10396_4,0,Negative,4,0,1,0
207077,test/neg/7077_4,0,Negative,4,0,1,0
200755,test/neg/755_1,0,Negative,5,0,0,0
216882,test/pos/4382_7,1,Positive,5,0,0,0
224739,test/pos/12239_7,1,Positive,5,0,0,0
222822,test/pos/10322_9,1,Positive,5,0,0,0
201859,test/neg/1859_2,0,Negative,5,0,0,0
218979,test/pos/6479_10,1,Positive,5,0,0,0
207665,test/neg/7665_2,0,Negative,5,0,0,0
214070,test/pos/1570_8,1,Positive,4,0,1,0
213354,test/pos/854_7,1,Positive,5,0,0,0
211386,test/neg/11386_3,0,Negative,5,0,0,0
212145,test/neg/12145_4,0,Negative,4,0,1,0
212361,test/neg/12361_1,0,Negative,4,0,1,0
212721,test/pos/221_9,1,Positive,5,0,0,0
221734,test/pos/9234_9,1,Positive,5,0,0,0
202626,test/neg/2626_4,0,Negative,4,0,1,0
217348,test/pos/4848_10,1,Positive,5,0,0,0
217832,test/pos/5332_8,1,Positive,5,0,0,0
205849,test/neg/5849_4,0,Negative,4,0,1,0
200658,test/neg/658_3,0,Negative,5,0,0,0
203479,test/neg/3479_3,0,Negative,3,0,2,0
222924,test/pos/10424_7,1,Positive,5,0,0,0
200839,test/neg/839_4,0,Negative,5,0,0,0
208509,test/neg/8509_2,0,Negative,4,0,1,0
209865,test/neg/9865_2,0,Negative,5,0,0,0
204787,test/neg/4787_3,0,Negative,2,0,3,0
217980,test/pos/5480_7,1,Positive,4,0,1,0
215360,test/pos/2860_8,1,Positive,5,0,0,0
203280,test/neg/3280_2,0,Negative,5,0,0,0
218007,test/pos/5507_7,1,Positive,4,1,0,0
224199,test/pos/11699_8,1,Positive,5,0,0,0
213827,test/pos/1327_9,1,Positive,5,0,0,0
219018,test/pos/6518_10,1,Positive,5,0,0,0
201696,test/neg/1696_3,0,Negative,4,0,1,0
200230,test/neg/230_1,0,Negative,3,0,2,0
201329,test/neg/1329_4,0,Negative,3,0,1,1
218002,test/pos/5502_10,1,Positive,5,0,0,0
218426,test/pos/5926_9,1,Positive,5,0,0,0
203657,test/neg/3657_3,0,Negative,4,0,1,0
219441,test/pos/6941_8,1,Positive,5,0,0,0
202331,test/neg/2331_2,0,Negative,5,0,0,0
203739,test/neg/3739_2,0,Negative,1,0,4,0
217295,test/pos/4795_8,1,Positive,5,0,0,0
206479,test/neg/6479_3,0,Negative,5,0,0,0
200448,test/neg/448_2,0,Negative,4,0,0,1
203847,test/neg/3847_1,0,Negative,5,0,0,0
208741,test/neg/8741_2,0,Negative,4,0,1,0
208116,test/neg/8116_4,0,Negative,3,0,2,0
204356,test/neg/4356_3,0,Negative,5,0,0,0
205209,test/neg/5209_4,0,Negative,4,0,1,0
211659,test/neg/11659_2,0,Negative,5,0,0,0
203698,test/neg/3698_4,0,Negative,3,1,1,0
210908,test/neg/10908_2,0,Negative,5,0,0,0
204352,test/neg/4352_1,0,Negative,4,0,1,0
204444,test/neg/4444_2,0,Negative,5,0,0,0
204851,test/neg/4851_4,0,Negative,5,0,0,0
208776,test/neg/8776_4,0,Negative,5,0,0,0
206682,test/neg/6682_3,0,Negative,2,0,1,2
211179,test/neg/11179_4,0,Negative,5,0,0,0
205660,test/neg/5660_1,0,Negative,5,0,0,0
206698,test/neg/6698_3,0,Negative,5,0,0,0
202811,test/neg/2811_3,0,Negative,5,0,0,0
200234,test/neg/234_3,0,Negative,5,0,0,0
208279,test/neg/8279_2,0,Negative,5,0,0,0
209064,test/neg/9064_3,0,Negative,5,0,0,0
201408,test/neg/1408_3,0,Negative,1,3,1,0
200453,test/neg/453_4,0,Negative,4,0,0,1
200985,test/neg/985_4,0,Negative,4,0,1,0
201840,test/neg/1840_3,0,Negative,3,1,1,0
204227,test/neg/4227_1,0,Negative,5,0,0,0
207889,test/neg/7889_3,0,Negative,5,0,0,0
208785,test/neg/8785_4,0,Negative,4,0,1,0
210476,test/neg/10476_2,0,Negative,1,2,1,1
206269,test/neg/6269_4,0,Negative,4,1,0,0
210125,test/neg/10125_4,0,Negative,4,0,1,0
203734,test/neg/3734_2,0,Negative,5,0,0,0
204285,test/neg/4285_4,0,Negative,5,0,0,0
211504,test/neg/11504_1,0,Negative,5,0,0,0
210997,test/neg/10997_1,0,Negative,4,0,1,0
201239,test/neg/1239_4,0,Negative,4,0,0,1
206610,test/neg/6610_4,0,Negative,4,0,1,0
200693,test/neg/693_4,0,Negative,4,0,0,1
205457,test/neg/5457_3,0,Negative,4,0,0,1
208754,test/neg/8754_3,0,Negative,5,0,0,0
210315,test/neg/10315_1,0,Negative,5,0,0,0
206343,test/neg/6343_3,0,Negative,4,0,1,0
201417,test/neg/1417_4,0,Negative,5,0,0,0
211144,test/neg/11144_4,0,Negative,5,0,0,0
207174,test/neg/7174_2,0,Negative,5,0,0,0
203099,test/neg/3099_2,0,Negative,5,0,0,0
204438,test/neg/4438_3,0,Negative,4,0,1,0
209057,test/neg/9057_4,0,Negative,3,0,2,0
207272,test/neg/7272_1,0,Negative,5,0,0,0
205109,test/neg/5109_4,0,Negative,5,0,0,0
202452,test/neg/2452_1,0,Negative,5,0,0,0
203543,test/neg/3543_3,0,Negative,5,0,0,0
212196,test/neg/12196_4,0,Negative,1,1,3,0
203301,test/neg/3301_2,0,Negative,5,0,0,0
200481,test/neg/481_2,0,Negative,4,0,1,0
200713,test/neg/713_1,0,Negative,4,0,1,0
208530,test/neg/8530_3,0,Negative,2,1,2,0
206193,test/neg/6193_1,0,Negative,4,0,0,1
210404,test/neg/10404_4,0,Negative,4,0,1,0
208006,test/neg/8006_2,0,Negative,4,1,0,0
200029,test/neg/29_3,0,Negative,4,0,1,0
204471,test/neg/4471_4,0,Negative,5,0,0,0
210273,test/neg/10273_1,0,Negative,5,0,0,0
202516,test/neg/2516_1,0,Negative,5,0,0,0
211220,test/neg/11220_1,0,Negative,5,0,0,0
212071,test/neg/12071_3,0,Negative,5,0,0,0
211435,test/neg/11435_3,0,Negative,5,0,0,0
210323,test/neg/10323_2,0,Negative,3,0,2,0
205617,test/neg/5617_2,0,Negative,1,2,2,0
204567,test/neg/4567_2,0,Negative,3,0,2,0
202047,test/neg/2047_3,0,Negative,5,0,0,0
206107,test/neg/6107_1,0,Negative,5,0,0,0
209125,test/neg/9125_4,0,Negative,4,0,1,0
203462,test/neg/3462_2,0,Negative,5,0,0,0
207192,test/neg/7192_3,0,Negative,5,0,0,0
200017,test/neg/17_3,0,Negative,5,0,0,0
206817,test/neg/6817_2,0,Negative,5,0,0,0
212344,test/neg/12344_4,0,Negative,5,0,0,0
203256,test/neg/3256_2,0,Negative,3,0,2,0
207988,test/neg/7988_1,0,Negative,5,0,0,0
208364,test/neg/8364_4,0,Negative,5,0,0,0
200542,test/neg/542_4,0,Negative,4,0,1,0
203358,test/neg/3358_4,0,Negative,4,1,0,0
207322,test/neg/7322_3,0,Negative,5,0,0,0
206842,test/neg/6842_1,0,Negative,5,0,0,0
206575,test/neg/6575_1,0,Negative,5,0,0,0
205815,test/neg/5815_1,0,Negative,5,0,0,0
205517,test/neg/5517_2,0,Negative,4,0,1,0
200572,test/neg/572_3,0,Negative,4,0,1,0
211447,test/neg/11447_1,0,Negative,5,0,0,0
200904,test/neg/904_3,0,Negative,5,0,0,0
209142,test/neg/9142_4,0,Negative,5,0,0,0
209995,test/neg/9995_2,0,Negative,5,0,0,0
209489,test/neg/9489_2,0,Negative,5,0,0,0
202960,test/neg/2960_4,0,Negative,5,0,0,0
202402,test/neg/2402_1,0,Negative,5,0,0,0
202008,test/neg/2008_1,0,Negative,4,0,0,1
204730,test/neg/4730_1,0,Negative,5,0,0,0
200991,test/neg/991_4,0,Negative,4,0,1,0
204452,test/neg/4452_1,0,Negative,3,1,0,1
206014,test/neg/6014_4,0,Negative,5,0,0,0
209307,test/neg/9307_3,0,Negative,5,0,0,0
202959,test/neg/2959_3,0,Negative,5,0,0,0
208170,test/neg/8170_1,0,Negative,5,0,0,0
201572,test/neg/1572_3,0,Negative,5,0,0,0
201881,test/neg/1881_1,0,Negative,5,0,0,0
202476,test/neg/2476_3,0,Negative,5,0,0,0
212093,test/neg/12093_2,0,Negative,4,0,1,0
200035,test/neg/35_1,0,Negative,5,0,0,0
207721,test/neg/7721_4,0,Negative,5,0,0,0
200585,test/neg/585_1,0,Negative,5,0,0,0
202847,test/neg/2847_3,0,Negative,5,0,0,0
203553,test/neg/3553_2,0,Negative,5,0,0,0
207922,test/neg/7922_3,0,Negative,4,0,1,0
205293,test/neg/5293_4,0,Negative,5,0,0,0
203140,test/neg/3140_1,0,Negative,4,0,1,0
202870,test/neg/2870_1,0,Negative,4,1,0,0
203499,test/neg/3499_3,0,Negative,5,0,0,0
206056,test/neg/6056_1,0,Negative,5,0,0,0
207474,test/neg/7474_4,0,Negative,2,2,1,0
201524,test/neg/1524_3,0,Negative,5,0,0,0
205194,test/neg/5194_1,0,Negative,4,0,0,1
204631,test/neg/4631_1,0,Negative,5,0,0,0
204294,test/neg/4294_2,0,Negative,3,0,1,1
212189,test/neg/12189_1,0,Negative,5,0,0,0
205350,test/neg/5350_1,0,Negative,5,0,0,0
206894,test/neg/6894_2,0,Negative,3,2,0,0
211185,test/neg/11185_1,0,Negative,4,0,1,0
200855,test/neg/855_4,0,Negative,5,0,0,0
200972,test/neg/972_1,0,Negative,5,0,0,0
204773,test/neg/4773_1,0,Negative,5,0,0,0
212141,test/neg/12141_2,0,Negative,4,0,1,0
204573,test/neg/4573_2,0,Negative,5,0,0,0
209623,test/neg/9623_2,0,Negative,5,0,0,0
210188,test/neg/10188_1,0,Negative,3,0,1,1
206635,test/neg/6635_1,0,Negative,5,0,0,0
208719,test/neg/8719_1,0,Negative,4,0,1,0
208557,test/neg/8557_3,0,Negative,5,0,0,0
210277,test/neg/10277_2,0,Negative,5,0,0,0
211034,test/neg/11034_3,0,Negative,5,0,0,0
210662,test/neg/10662_1,0,Negative,5,0,0,0
209717,test/neg/9717_3,0,Negative,4,0,1,0
203600,test/neg/3600_2,0,Negative,5,0,0,0
207570,test/neg/7570_2,0,Negative,5,0,0,0
211692,test/neg/11692_1,0,Negative,5,0,0,0
211870,test/neg/11870_3,0,Negative,5,0,0,0
209607,test/neg/9607_1,0,Negative,4,0,0,1
207141,test/neg/7141_1,0,Negative,4,0,1,0
211898,test/neg/11898_1,0,Negative,5,0,0,0
203155,test/neg/3155_1,0,Negative,4,0,0,1
201874,test/neg/1874_1,0,Negative,4,1,0,0
209545,test/neg/9545_4,0,Negative,4,0,1,0